date,tag,pertinence,titre,lien,resume
2026-06-21,LLM,4,MosaicLeaks: Can your research agent keep a secret?,https://huggingface.co/blog/ServiceNow/mosaicleaks,L'article examine les risques de fuites d'informations liés aux agents de recherche basés sur l'IA. Il souligne les défis de confidentialité dans l'utilisation de ces systèmes intelligents.
2026-06-21,LLM,4,Beyond LoRA: Can you beat the most popular fine-tuning technique?,https://huggingface.co/blog/peft-beyond-lora,"Cet article compare les performances de LoRA, une technique de fine-tuning largement utilisée, avec d'autres méthodes plus récentes. Il explore si des approches alternatives peuvent surpasser LoRA en termes d'efficacité et de qualité."
2026-06-21,LLM,4,Is it agentic enough? Benchmarking open models on your own tooling,https://huggingface.co/blog/is-it-agentic-enough,Cet article propose un benchmark pour évaluer la capacité d'agence des modèles ouverts sur des outils spécifiques. Il examine comment les modèles peuvent interagir efficacement avec leur environnement de travail.
2026-06-21,Robotique,4,MolmoMotion: Language-guided 3D motion forecasting,https://huggingface.co/blog/allenai/molmomotion,MolmoMotion est une méthode qui prédit les mouvements 3D en s'appuyant sur des descriptions linguistiques. Cette approche combine la compréhension du langage naturel et la génération de mouvements tridimensionnels.
2026-06-21,Robotique,4,From the Hugging Face Hub to robot hardware with Strands Agents and LeRobot,https://huggingface.co/blog/amazon/strands-lerobot-hub-to-hardware,Cet article explore la transition depuis les modèles d'apprentissage automatique disponibles sur Hugging Face vers leur implémentation sur du matériel robotique via Strands Agents et LeRobot. Il montre comment les avancées en intelligence artificielle peuvent être appliquées concrètement dans des systèmes robotiques.
2026-06-21,LLM,0,GLM-5.2: Built for Long-Horizon Tasks,https://huggingface.co/blog/zai-org/glm-52-blog,"GLM-5.2 est un modèle linguistique conçu spécifiquement pour les tâches à long terme, améliorant ainsi sa capacité à gérer des problèmes complexes sur des périodes étendues. Cette évolution représente une avancée significative dans l'optimisation des modèles LLM pour des applications pratiques."
2026-06-21,LLM,4,Agentic Resource Discovery: Let agents search,https://huggingface.co/blog/agentic-resource-discovery-launch,Cet article explore la capacité des agents intelligents à découvrir et à rechercher des ressources de manière autonome. Il met en avant l'importance de l'autonomie des agents dans l'exploration de leur environnement et l'accès aux informations nécessaires.
2026-06-21,LLM,4,Profiling in PyTorch (Part 2): From nn.Linear to a Fused MLP,https://huggingface.co/blog/torch-mlp-fusion,"Cet article explore les techniques de profiling dans PyTorch, en se concentrant sur l'optimisation des couches linéaires et l'implémentation d'un MLP fusionné. Il présente des méthodes pour améliorer la performance des modèles IA."
2026-06-21,LLM,4,A startup claims it broke through a bottleneck that’s holding back LLMs,https://www.technologyreview.com/2026/06/19/1139313/a-startup-claims-it-broke-through-a-bottleneck-thats-holding-back-llms/,"Une startup Miamiaise prétend avoir résolu un goulot d'étranglement mathématique limitant les grands modèles linguistiques depuis presque dix ans. Bien que les détails soient encore limités, la société commence à fournir des preuves de sa réclamation."
2026-06-21,Hardware,3,Want to get a data center online quickly? Give it some flex.,https://www.technologyreview.com/2026/06/16/1138591/data-center-online-quickly-electric-grid-flex/,L'article discute de la rapidité de mise en ligne d'un data center et de l'importance de la flexibilité dans ce processus. Il évoque également l'impact des comportements collectifs sur les réseaux électriques.
2026-06-21,Autre,4,Why do South Koreans love AI so much?,https://www.technologyreview.com/2026/06/15/1138983/why-do-south-koreans-love-ai-so-much/,"Les South-Koreens ont intégré l'IA dans leur vie quotidienne, comme le montre l'exemple des contrôles d'immigration automatiques et des transports en commun. Cet article met en lumière l'adoption massive et naturelle de l'intelligence artificielle par la population sud-coréenne."
2026-06-21,LLM,5,Google DeepMind is worried about what happens when millions of agents start to interact,https://www.technologyreview.com/2026/06/11/1138794/google-deepmind-is-worried-about-what-happens-when-millions-of-agents-start-to-interact/,Google DeepMind s'interroge sur les risques liés à l'interaction de millions d'agents IA autonomes. Cette préoccupation concerne la sécurité et l'alignement des systèmes d'intelligence artificielle avancés.
2026-06-21,LLM,4,Learning to lead in a hybrid human-AI enterprise,https://www.technologyreview.com/2026/06/09/1137830/learning-to-lead-in-a-hybrid-human-ai-enterprise/,"Cet article explore les défis de leadership posés par l'intégration d'agents IA autonomes dans les entreprises, notamment leur capacité à coordonner des tâches complexes sans intervention humaine. Il met en lumière l'évolution vers un modèle hybride de travail humain-AI et les implications stratégiques pour les équipes dirigeantes."
2026-06-21,Autre,0,Five things you need to know about AI,https://www.technologyreview.com/2026/06/09/1138582/five-things-you-need-to-know-about-ai/,Cet article présente les principales tendances de l'intelligence artificielle selon un exposé donné lors de la conférence SXSW London. Il s'agit d'un aperçu des thèmes majeurs dans le domaine de l'IA.
2026-06-21,LLM,5,The Meta hack shows there’s more to AI security than Mythos,https://www.technologyreview.com/2026/06/05/1138437/the-meta-hack-shows-theres-more-to-ai-security-than-mythos/,Des attaquants ont exploité un agent IA de support client de Meta pour voler des comptes Instagram en les liant à des adresses email contrôlées par eux. Cette faille montre que la sécurité de l'IA dépasse les préoccupations mythiques et touche des aspects pratiques critiques.
2026-06-21,LLM,4,How courts are coping with a flood of AI-generated lawsuits,https://www.technologyreview.com/2026/06/04/1138391/courts-coping-ai-lawsuits/,"L'article examine comment les tribunaux gèrent une augmentation des procès impliquant l'IA, notamment dans les cas où les parties sont représentées par des avocats ou non. Il met en lumière les défis juridiques liés à l'utilisation croissante de l'intelligence artificielle dans les litiges."
